Category,Total Sales
Widget,1032112.0000000024
Gadget,1025787.6100000014
Gizmo,907533.7700000013
Doohickey,701734.22000000044